training/fb_actor/actor_loss,training/fb_actor/mse,training/fb_actor/q_abs_mean,training/fb_actor/q_loss,training/fb_actor/q_mean,training/fb_actor/std,training/fb_repr/B,training/fb_repr/B_norm,training/fb_repr/F1,training/fb_repr/M1,training/fb_repr/fb_diag,training/fb_repr/fb_loss,training/fb_repr/fb_offdiag,training/fb_repr/orth_loss,training/fb_repr/orth_loss_diag,training/fb_repr/orth_loss_offdiag,training/fb_repr/target_M,training/grad/max,training/grad/min,training/grad/norm,validation/fb_actor/actor_loss,validation/fb_actor/mse,validation/fb_actor/q_abs_mean,validation/fb_actor/q_loss,validation/fb_actor/q_mean,validation/fb_actor/std,validation/fb_repr/B,validation/fb_repr/B_norm,validation/fb_repr/F1,validation/fb_repr/M1,validation/fb_repr/fb_diag,validation/fb_repr/fb_loss,validation/fb_repr/fb_offdiag,validation/fb_repr/orth_loss,validation/fb_repr/orth_loss_diag,validation/fb_repr/orth_loss_offdiag,validation/fb_repr/target_M,time/epoch_time,time/total_time,step
-75.61748,2880.295,95.758,-75.61748,75.61748,1.0,0.0057136393,22.627415,0.040061787,25.724651,-897.7366,-1036.404,340.85016,-479.51764,-1023.99414,544.4765,24.426643,18.329292,-20.565172,3862.8213,-75.60344,2660.3503,96.39514,-75.60344,75.60344,1.0,0.001833401,22.627415,0.04376743,25.807953,-950.1825,-921.5755,402.3082,-373.70123,-1023.9949,650.29364,24.955166,0.01207364845275879,60.36825919151306,5000
-132.22345,13150.27,154.06705,-132.22345,132.22345,1.0,1.4726538e-05,22.627415,0.08516801,36.770943,-1362.4625,-1247.0432,612.41846,-496.9992,-1023.9961,526.9969,35.43136,62.70372,-68.45414,7541.1475,-112.29819,13086.455,141.47006,-112.29819,112.29819,1.0,0.0002498101,22.627415,0.098767124,41.35081,-1499.5491,-1132.8566,713.3811,-346.6886,-1023.9946,677.306,39.805046,0.004718103313446045,83.95878577232361,10000
-151.65341,52683.03,182.03714,-151.65341,151.65341,1.0,-0.0007145641,22.627415,0.1267613,50.791924,-1639.3989,-1292.5305,805.4573,-458.5888,-1023.99963,565.4108,49.770203,149.77122,-114.49265,11451.692,-175.48073,53130.81,212.21323,-175.48073,175.48073,1.0,0.004022048,22.627415,0.15788636,59.960716,-1925.0457,-1128.9037,1129.3112,-333.1692,-1023.9957,690.82654,59.405594,0.004691158580780029,107.4145872592926,15000
-175.63364,169513.89,218.1417,-175.63364,175.63364,1.0,-0.001804579,22.627415,0.14772256,57.56091,-2118.269,-1486.0402,1127.7969,-495.568,-1023.9927,528.4247,56.705463,159.41388,-170.13084,16192.783,-202.5201,170671.19,227.24292,-202.5201,202.5201,1.0,0.0074592093,22.627415,0.18677437,66.196625,-1978.7649,-1336.2788,1024.7281,-382.24207,-1023.99255,641.7505,65.18856,0.004715287828445435,130.99103569984436,20000
-176.53035,379374.94,229.08685,-176.53035,176.53035,1.0,-0.002836333,22.627415,0.19154057,64.36484,-2296.7224,-1326.6265,1442.8477,-472.75177,-1023.99396,551.2422,63.271584,280.23267,-296.02924,21382.46,-203.16953,374050.12,263.33163,-203.16953,203.16953,1.0,0.0043731723,22.627415,0.20077512,77.47003,-2369.0703,-1334.1738,1347.407,-312.51056,-1023.9968,711.48627,76.659,0.00473338713645935,154.65798115730286,25000
-157.82655,1005185.2,228.08429,-157.82655,157.82655,1.0,0.006261994,22.627415,0.24933526,82.03718,-2662.8433,-1938.2878,1177.1858,-452.63037,-1023.99133,571.36096,81.29137,409.37384,-302.87048,27175.885,-195.26111,978121.6,229.41504,-195.26111,195.26111,1.0,0.003300324,22.627415,0.20608512,82.87244,-2516.3542,-1232.4581,1571.7905,-287.8944,-1023.996,736.10156,81.14168,0.0047160560131073,178.23827123641968,30000
-175.04979,1422890.0,246.23811,-175.04979,175.04979,1.0,0.0009887463,22.627415,0.28197417,80.75647,-2647.6519,-1711.2788,1418.0164,-481.64325,-1023.9939,542.35065,80.71877,467.40186,-436.23938,27461.656,-147.8136,1399609.4,229.6948,-147.8136,147.8136,1.0,0.00025043258,22.627415,0.25629628,94.67296,-2805.183,-1310.2424,1796.8228,-301.88202,-1023.9932,722.1112,95.295685,0.004725623083114624,201.8663957118988,35000
-167.68246,2169651.5,256.78693,-167.68246,167.68246,1.0,0.003983797,22.627415,0.2734409,81.57945,-3060.4248,-2468.5396,1088.6213,-496.73602,-1023.9946,527.2586,80.8638,464.84784,-360.71378,25804.1,-196.51382,1977872.4,264.0478,-196.51382,196.51382,1.0,0.003186865,22.627415,0.21862309,109.244415,-3051.3115,-1009.5756,2264.411,-222.67499,-1023.995,801.32,108.269196,0.004695980978012085,225.34631061553955,40000
-218.86777,3422399.5,281.2293,-218.86777,218.86777,1.0,-0.002333553,22.627415,0.2473583,83.826126,-3040.956,-2122.4802,1396.9283,-478.45245,-1023.99316,545.5407,82.7434,299.60364,-357.6755,28578.363,-190.32855,2962400.8,252.13773,-190.32855,190.32855,1.0,0.0049597844,22.627415,0.3055736,106.40913,-3084.3306,-1003.8188,2363.819,-283.3073,-1023.99414,740.6868,105.822754,0.004706116724014282,248.87690353393555,45000
-169.55527,5142830.0,271.19562,-169.55527,169.55527,1.0,0.0014142287,22.627415,0.30224746,93.04221,-3215.4243,-2338.1265,1362.9409,-485.643,-1023.9984,538.3554,91.95201,697.68146,-830.30475,33856.945,-171.82173,5440808.5,262.7566,-171.82173,171.82173,1.0,0.0042089866,22.627415,0.263645,105.1889,-3201.662,-981.46265,2470.4458,-250.24634,-1023.9971,773.75073,104.87343,0.004710647869110108,272.43015217781067,50000
-189.31305,10608072.0,286.67804,-189.31305,189.31305,1.0,0.0052824635,22.627415,0.3898913,105.1265,-3536.441,-2594.8076,1413.0641,-471.43054,-1023.99365,552.5631,104.8775,359.65036,-378.9116,30883.703,-191.78297,10563421.0,273.87543,-191.78297,191.78297,1.0,-0.0034511182,22.627415,0.24177818,117.08771,-3321.0107,-869.8104,2726.3418,-275.14148,-1023.99603,748.85455,115.650055,0.00470276026725769,295.94396352767944,55000
-170.82625,12929895.0,289.9979,-170.82625,170.82625,1.0,0.00046837993,22.627415,0.33376068,102.543106,-3809.498,-2824.8525,1417.0977,-432.4522,-1023.9979,591.5457,101.76926,478.0097,-486.64294,36174.07,-175.87875,12264904.0,264.53094,-175.87875,175.87875,1.0,0.0010004176,22.627415,0.31765515,108.350204,-3398.724,-696.45654,2993.6187,-291.35107,-1023.9934,732.64233,106.70339,0.004705477380752564,319.4713599681854,60000
-185.76044,19070756.0,295.5072,-185.76044,185.76044,1.0,0.0073363865,22.627415,0.3699227,117.13637,-3749.354,-2450.3738,1710.1505,-411.17023,-1023.9952,612.82495,115.751205,1154.5289,-642.197,48919.21,-142.02649,18034304.0,284.23145,-142.02649,142.02649,1.0,0.0051584304,22.627415,0.36507908,109.434296,-3576.0625,-39.49048,3810.72,-274.14795,-1023.9958,749.84784,107.806015,0.004693800163269043,342.94037079811096,65000
-169.50812,36344464.0,287.8639,-169.50812,169.50812,1.0,0.0015377228,22.627415,0.37054247,108.341034,-3936.868,-2492.8271,1885.0358,-440.99512,-1023.995,582.9999,107.85722,1418.3898,-1940.7605,53089.016,-125.56661,33790908.0,262.88995,-125.56661,125.56661,1.0,0.0015034438,22.627415,0.3778041,143.1942,-4042.98,-96.29315,4095.3872,-148.70038,-1023.99646,875.2961,142.18216,0.004697593307495117,366.42834663391113,70000
-97.49418,67492090.0,239.46112,-97.49418,97.49418,1.0,0.0061607743,22.627415,0.37129718,111.37741,-3946.377,-2533.9448,1842.4028,-429.97076,-1023.9946,594.02386,110.63547,1070.4907,-475.01917,55044.21,-102.18005,64039100.0,225.77707,-102.18005,102.18005,1.0,0.0065164124,22.627415,0.37508017,126.62648,-3998.1367,-187.5039,4017.433,-206.8003,-1023.99554,817.19525,125.29471,0.004680580997467041,389.8312609195709,75000
-93.13097,194383540.0,247.02274,-93.13097,93.13097,1.0,0.00097471813,22.627415,0.3962175,110.57956,-4142.2935,-2780.7356,1821.3683,-459.81036,-1023.9949,564.1845,110.71238,1085.2113,-858.32135,49663.703,-156.58278,218213810.0,285.6002,-156.58278,156.58278,1.0,0.0020527183,22.627415,0.41017658,142.25928,-4214.677,-448.6131,4020.245,-254.18146,-1023.9956,769.81415,141.78342,0.0047120447158813476,413.3914942741394,80000
-62.535027,365119580.0,251.50491,-62.535027,62.535027,1.0,0.00044044617,22.627415,0.45587403,110.925995,-4353.957,-2166.408,2630.731,-443.18182,-1023.9956,580.8138,111.15485,1390.3429,-2924.2249,70098.72,-116.815186,378293600.0,289.51843,-116.815186,116.815186,1.0,0.004365089,22.627415,0.44995663,133.63045,-4267.827,41.013184,4464.797,-155.95654,-1023.99335,868.0368,133.45946,0.004663188123703003,436.707444190979,85000
-98.60443,421849920.0,280.4046,-98.60443,98.60443,1.0,0.0021223123,22.627415,0.40967128,109.3032,-4665.889,-3131.2375,2003.2708,-468.61908,-1023.99475,555.3757,108.52713,916.54395,-1270.0573,59537.258,-53.745285,441028860.0,253.67593,-53.745285,53.745285,1.0,0.002695707,22.627415,0.4144457,139.20633,-4505.5127,1261.1853,5985.7266,-219.0285,-1023.9979,804.9694,140.26987,0.004678255844116211,460.09873270988464,90000
-98.25426,557978900.0,294.69452,-98.25426,98.25426,1.0,0.0043061413,22.627415,0.44657308,118.295044,-4824.043,-3289.3267,1909.425,-374.70886,-1023.9958,649.2869,117.93785,1961.4769,-1567.9097,71175.37,-169.4406,603232200.0,352.37946,-169.4406,169.4406,1.0,0.0012406445,22.627415,0.45007896,150.33908,-4488.3545,2028.3835,6699.507,-182.76874,-1023.995,841.22626,147.32434,0.004695238399505615,483.5749340057373,95000
-121.990814,548911740.0,299.39273,-121.990814,121.990814,1.0,0.0029523177,22.627415,0.5276774,114.46405,-4820.005,-3353.7483,1896.754,-430.49725,-1023.99866,593.5014,112.83563,4013.7886,-987.3892,78130.44,-32.908768,591045700.0,302.3555,-32.908768,32.908768,1.0,0.001786958,22.627415,0.39504308,142.90047,-4575.4326,1587.4551,6276.162,-113.274414,-1023.9949,910.72046,145.0517,0.0047847718238830566,507.49880266189575,100000
-51.90303,583070000.0,328.59418,-51.90303,51.90303,1.0,0.0033529506,22.627415,0.46733224,131.48505,-5148.3066,-3576.3376,1975.3613,-403.39227,-1023.9945,620.60223,131.36606,1665.988,-1122.044,74478.7,-42.46007,576476400.0,292.11215,-42.46007,42.46007,1.0,0.003394672,22.627415,0.4608158,158.64784,-5180.841,1161.0955,6512.221,-170.28485,-1023.9932,853.7084,158.0658,0.004728640127182007,531.142012834549,105000
-85.05533,569155840.0,339.67163,-85.05533,85.05533,1.0,0.003991612,22.627415,0.5149282,139.86728,-5024.0547,-3103.167,2308.2085,-387.32086,-1023.99274,636.6719,142.83946,1108.9451,-1743.6663,92240.125,-34.436584,600145600.0,319.72723,-34.436584,34.436584,1.0,0.004895428,22.627415,0.4380586,128.18848,-4829.262,1372.6714,6417.111,-215.17725,-1023.99304,808.8158,126.10523,0.004681297969818116,554.5485126972198,110000
15.543696,612040450.0,332.3137,15.543696,-15.543696,1.0,0.002874025,22.627415,0.5124677,170.71596,-4936.2,-2665.1133,2619.2139,-348.12708,-1023.9927,675.8656,170.96301,929.7045,-839.3343,81954.19,-47.755962,599082430.0,329.34247,-47.755962,47.755962,1.0,0.0018253013,22.627415,0.47614604,167.6605,-5066.698,2420.5112,7699.0474,-211.83789,-1023.9965,812.1586,167.68753,0.0046849777221679685,577.9734110832214,115000
-45.51501,612970200.0,292.3804,-45.51501,45.51501,1.0,0.0031720572,22.627415,0.49087483,103.90106,-5219.073,-3279.1865,2308.4634,-368.57678,-1023.9963,655.4195,104.51863,909.8199,-1500.7001,91875.875,-71.44853,616624500.0,354.90796,-71.44853,71.44853,1.0,0.002457188,22.627415,0.3987514,190.45021,-5039.836,3312.5493,8472.401,-120.016235,-1023.9951,903.9789,189.06897,0.004763147497177124,601.7891583442688,120000
-17.649548,593651200.0,336.6322,-17.649548,17.649548,1.0,-0.0014468518,22.627415,0.5511179,138.20917,-5383.126,-3376.894,2440.667,-434.43506,-1023.9963,589.5612,138.7488,2384.7778,-1689.2306,99698.03,-76.72276,634533760.0,368.40417,-76.72276,76.72276,1.0,0.005081884,22.627415,0.4355293,177.01685,-5312.502,1395.5815,6817.48,-109.39642,-1023.99646,914.60004,176.68335,0.004699943590164185,625.2888853549957,125000
-74.21909,561673100.0,383.7379,-74.21909,74.21909,1.0,0.0056324024,22.627415,0.63768363,156.74104,-6024.3027,-3977.914,2453.5325,-407.14374,-1023.996,616.85223,156.54878,4029.3962,-1263.1412,93070.75,-32.09471,633310460.0,294.41617,-32.09471,32.09471,1.0,0.005823653,22.627415,0.5614219,155.82968,-5421.754,1171.2236,6766.5776,-173.6001,-1023.9936,850.3935,155.56335,0.004689639043807983,648.7370893955231,130000
-125.15488,636418940.0,394.16684,-125.15488,125.15488,1.0,0.004038264,22.627415,0.5497581,188.70183,-6024.2266,-2225.9019,4180.211,-381.88635,-1023.999,642.1127,189.42964,1529.628,-3130.613,122541.37,-12.567706,590349440.0,320.89963,-12.567706,12.567706,1.0,0.003981169,22.627415,0.4952766,179.59094,-5528.7607,1721.3915,7352.1553,-102.00305,-1023.9947,921.99164,178.90552,0.0046832245826721195,672.1532220840454,135000
-35.84884,629450000.0,385.01422,-35.84884,35.84884,1.0,-0.0034221753,22.627415,0.58270085,167.25696,-5626.146,-1375.4957,4654.8525,-404.20227,-1023.9978,619.79553,169.66278,2805.0276,-2576.7979,169475.81,-66.780655,614033900.0,363.37674,-66.780655,66.780655,1.0,-0.0008176513,22.627415,0.5122137,217.09055,-5457.6113,4892.3057,10451.054,-101.13672,-1023.9934,922.8567,218.15402,0.004700958347320557,695.6580235958099,140000
-172.82806,566320400.0,495.32593,-172.82806,172.82806,1.0,0.0040684403,22.627415,0.6126544,181.48123,-5777.662,-2978.3518,3135.0742,-335.76385,-1023.99585,688.232,179.85153,1712.2369,-3039.8435,119138.75,-94.280754,597307000.0,409.55045,-94.280754,94.280754,1.0,0.005316267,22.627415,0.58958566,201.58105,-5567.622,3539.1484,9243.394,-136.62299,-1023.9935,887.37054,201.06847,0.004677198219299316,719.0440239906311,145000
-76.738785,619457400.0,372.4273,-76.738785,76.738785,1.0,0.010084376,22.627415,0.6910013,173.20265,-6086.02,-2278.4917,4189.277,-381.7484,-1024.0011,642.2527,167.2086,4140.3794,-3684.9438,200994.56,-50.991077,617140740.0,350.5583,-50.991077,50.991077,1.0,0.00074271613,22.627415,0.5119351,161.59561,-5559.7686,4968.9683,10640.287,-111.55011,-1023.99805,912.44794,162.55469,0.004679890584945679,742.4434864521027,150000
-58.248585,579232450.0,377.37274,-58.248585,58.248585,1.0,0.0046841423,22.627415,0.71190596,142.1203,-6188.732,-3406.6067,3197.1943,-415.06915,-1023.9974,608.9282,141.07152,2400.5986,-2940.062,112884.27,-37.75126,595411700.0,383.3886,-37.75126,37.75126,1.0,-0.0015707503,22.627415,0.45714733,188.81259,-5785.2485,2961.211,8856.676,-110.21625,-1023.9966,913.78033,189.49545,0.004684747695922852,765.8672347068787,155000
-40.540783,601686660.0,399.54706,-40.540783,40.540783,1.0,0.0012825471,22.627415,0.6300598,187.45636,-5682.6357,-3579.3408,2483.9727,-380.6776,-1023.993,643.31537,188.5145,2003.6414,-1664.4556,109306.42,-89.591034,552062700.0,398.39368,-89.591034,89.591034,1.0,0.0020717597,22.627415,0.55986744,214.13432,-5991.048,3990.2378,10047.448,-66.162476,-1023.99744,957.83496,216.77794,0.0047127955913543705,789.4312222003937,160000
-100.44714,583882400.0,430.63623,-100.44714,100.44714,1.0,-0.00080296065,22.627415,0.6216208,233.10051,-6571.121,-2779.0547,4204.752,-412.68555,-1023.99365,611.3081,233.16776,1731.4315,-2038.703,156369.58,-89.95676,602087900.0,413.39697,-89.95676,89.95676,1.0,0.0052571255,22.627415,0.59485435,239.30872,-5821.535,5135.6265,11167.689,-210.52777,-1023.9945,813.46674,239.75504,0.004698270654678345,812.9225854873657,165000
-21.846397,603488400.0,396.40836,-21.846397,21.846397,1.0,0.0048332163,22.627415,0.8201437,234.68343,-6621.166,-2779.0981,4205.325,-363.25726,-1023.9949,660.7376,236.06688,1725.6655,-2115.856,135989.53,-43.773487,588771840.0,360.50232,-43.773487,43.773487,1.0,0.0014091695,22.627415,0.5889455,209.52477,-6518.97,3360.8828,9992.287,-112.434204,-1023.99475,911.56055,208.82144,0.004785862684249878,836.8519084453583,170000
-48.476425,580339600.0,480.32083,-48.476425,48.476425,1.0,0.005207657,22.627415,0.8278239,194.91328,-5587.7354,-3254.21,2738.7065,-405.1812,-1023.9953,618.8141,193.00952,2563.8352,-2416.2874,153429.4,-37.176697,613073540.0,380.95706,-37.176697,37.176697,1.0,-0.0012237527,22.627415,0.6463749,229.3122,-6161.2114,5434.4937,11695.862,-100.15704,-1023.99146,923.8344,230.3058,0.004745459604263306,860.579216003418,175000
-131.70045,581588700.0,487.5689,-131.70045,131.70045,1.0,0.007445911,22.627415,0.83830136,175.76682,-6020.0825,-3222.874,3225.2734,-428.065,-1023.99304,595.92804,175.57869,2206.6294,-2880.155,128208.36,-164.72537,597842400.0,491.61115,-164.72537,164.72537,1.0,0.002868568,22.627415,0.59324217,221.36246,-6213.054,5828.892,12057.989,-16.04309,-1023.9961,1007.953,221.32938,0.004744545221328735,884.301952123642,180000
-8.685627,602453700.0,480.25287,-8.685627,8.685627,1.0,0.0038041724,22.627415,0.755103,189.39809,-6721.796,-3143.098,3962.4998,-383.80182,-1023.9951,640.1933,191.19014,3709.0635,-2440.2974,191058.4,-97.91962,568200200.0,416.13745,-97.91962,97.91962,1.0,0.0041004494,22.627415,0.7283448,257.87646,-6659.267,3290.0557,9918.476,30.847168,-1023.99817,1054.8453,258.78195,0.004727537631988525,907.9396493434906,185000
-178.8964,605600000.0,572.3943,-178.8964,178.8964,1.0,0.007104079,22.627415,0.85513043,219.90004,-6568.3145,-4542.33,2392.2266,-366.242,-1023.9957,657.7537,219.51224,1320.0785,-1660.8325,102195.36,-27.840118,517998720.0,388.79572,-27.840118,27.840118,1.0,0.00034773245,22.627415,0.63966966,197.70639,-6447.3896,5310.1304,11776.186,-18.665466,-1023.99554,1005.3301,198.0546,0.0047526113986969,931.7027158737183,190000
-130.5639,631449000.0,502.91678,-130.5639,130.5639,1.0,0.005623037,22.627415,0.97519416,203.49413,-6670.284,-1360.6224,5689.213,-379.55115,-1023.9989,644.44775,199.77164,4402.6665,-4254.475,245619.03,3.6567717,587770560.0,435.4157,3.6567717,-3.6567717,1.0,0.0009417626,22.627415,0.6617208,171.02457,-5489.9893,6610.4067,12150.128,-49.731873,-1023.9981,974.26624,171.01671,0.004742603635787964,955.4157438278198,195000
-180.83884,674068900.0,513.1384,-180.83884,180.83884,1.0,0.0007359478,22.627415,0.8470658,237.44023,-6778.494,-2092.9258,4990.963,-305.39453,-1023.99646,718.6019,242.07475,5273.118,-6135.118,262867.0,-27.648033,640889700.0,448.31998,-27.648033,27.648033,1.0,-0.0039194566,22.627415,0.6900116,181.20316,-5882.5913,3407.7834,9365.443,-75.068665,-1023.99414,948.9255,181.74893,0.004894498252868652,979.8882448673248,200000
-11.201717,587817340.0,505.7359,-11.201717,11.201717,1.0,-0.00069435296,22.627415,1.0135874,206.90422,-6643.081,-2900.3125,4092.622,-349.85364,-1023.9968,674.1432,205.27412,5939.7026,-4558.4634,257015.27,-91.43407,587485440.0,538.5615,-91.43407,91.43407,1.0,0.0013094041,22.627415,0.7464827,231.13908,-6368.6025,9737.687,16067.893,38.39685,-1023.9944,1062.3912,230.33727,0.0048763420104980465,1004.2699646949768,205000
-72.08824,549682700.0,521.10675,-72.08824,72.08824,1.0,0.0041363905,22.627415,0.90745103,220.2401,-6661.9424,-3899.814,3140.749,-378.62054,-1023.9931,645.37256,219.92865,3260.5352,-1752.9347,150173.31,-13.383663,610637300.0,465.66953,-13.383663,13.383663,1.0,0.0012898877,22.627415,0.7695899,216.03717,-6280.958,5252.8633,11639.575,-105.753784,-1023.9949,918.2411,214.97662,0.0048852977752685545,1028.6964633464813,210000
-215.56534,639864450.0,548.00696,-215.56534,215.56534,1.0,-0.0009790084,22.627415,0.82644236,173.35791,-5741.2817,-3913.5713,2195.4824,-367.77197,-1023.99426,656.2223,171.5719,4954.6787,-3983.072,160308.69,-56.80984,608074900.0,459.04337,-56.80984,56.80984,1.0,0.0020655505,22.627415,0.6571666,324.5121,-6913.1763,8496.418,15480.736,-71.14264,-1023.99133,952.8487,323.73102,0.004880325317382812,1053.0981001853943,215000
-55.273483,588592800.0,454.92462,-55.273483,55.273483,1.0,0.0047083227,22.627415,0.7708509,178.21896,-6637.84,-2806.3833,4211.0303,-379.5736,-1023.9944,644.4208,175.45859,1768.5563,-3893.5603,144844.72,-102.29457,630199500.0,552.8457,-102.29457,102.29457,1.0,0.004237147,22.627415,0.66983426,286.09723,-6799.043,9428.596,16326.083,-98.44458,-1023.99365,925.5491,284.97177,0.004903605604171753,1077.6161377429962,220000
-83.49378,573999500.0,472.80637,-83.49378,83.49378,1.0,-0.00061940955,22.627415,0.7346005,171.48781,-6207.466,-3552.5625,3062.3967,-407.49353,-1023.9979,616.5044,172.35301,2396.028,-2851.3313,165448.61,-76.75675,624503400.0,428.4829,-76.75675,76.75675,1.0,0.0010306807,22.627415,0.6758496,210.16177,-6165.483,11301.221,17458.5,8.203491,-1023.99146,1032.195,209.84897,0.004902218770980835,1102.1272418498993,225000
-38.401146,599150140.0,388.67935,-38.401146,38.401146,1.0,-0.0002337296,22.627415,0.65635955,155.67532,-7024.253,-4723.9126,2699.1685,-398.828,-1023.99335,625.16534,155.64096,5162.2456,-5997.815,191444.56,-102.77484,626587140.0,437.64746,-102.77484,102.77484,1.0,-0.0044238814,22.627415,0.7121253,259.2684,-6694.37,9140.885,15932.916,-97.66077,-1023.99695,926.3362,263.7267,0.004901839160919189,1126.6364471912384,230000
-55.252472,609695200.0,424.5423,-55.252472,55.252472,1.0,0.007569164,22.627415,0.5978159,220.53505,-6914.4297,-3695.939,3581.2139,-362.72308,-1023.9941,661.271,221.44647,2299.8367,-2497.665,157321.78,-108.48881,646383500.0,436.36325,-108.48881,108.48881,1.0,0.0053374083,22.627415,0.67355776,205.38116,-6271.47,4310.75,10617.826,-35.6062,-1023.9994,988.3932,206.46268,0.005255645608901977,1152.91468501091,235000
-65.64523,602599400.0,431.97192,-65.64523,65.64523,1.0,0.006316008,22.627415,0.7360008,215.16582,-6729.465,-2717.66,4428.619,-416.81415,-1023.9969,607.18274,215.85092,3182.7517,-3285.8481,194078.1,-29.400492,652997760.0,407.9472,-29.400492,29.400492,1.0,0.0020118954,22.627415,0.6527212,217.53409,-6575.952,4261.468,10927.055,-89.63501,-1023.99384,934.3588,219.12904,0.004848185062408447,1177.1556191444397,240000
15.252814,579581950.0,461.41107,15.252814,-15.252814,1.0,0.0022719996,22.627415,0.76068586,195.7221,-7017.9346,-3641.5647,3737.082,-360.71222,-1023.99695,663.2847,193.40599,1534.4768,-2814.023,151448.77,-82.952835,612644000.0,410.385,-82.952835,82.952835,1.0,0.0044216895,22.627415,0.58782524,170.66376,-5572.212,5775.387,11540.008,-192.40875,-1023.9957,831.587,167.0059,0.004668422555923462,1200.4977412223816,245000
-182.34381,654284700.0,476.62323,-182.34381,182.34381,1.0,0.0062277378,22.627415,0.73881745,147.30629,-6048.7754,-3142.3623,3289.0447,-382.6316,-1023.9961,641.3645,146.96141,2688.2427,-2264.207,143204.88,-166.27194,670297400.0,529.26013,-166.27194,166.27194,1.0,-0.0006126511,22.627415,0.5980375,238.15746,-6932.0596,9289.569,16289.65,-68.021484,-1023.9937,955.9722,241.61275,0.004696022701263428,1223.9778635501862,250000
-144.34154,610734000.0,510.45517,-144.34154,144.34154,1.0,0.0029895874,22.627415,0.7784697,173.32675,-6293.5156,-3262.9714,3394.4976,-363.95343,-1023.9946,660.0412,173.73102,3790.0732,-4324.0835,158929.25,-107.860825,600445440.0,452.2419,-107.860825,107.860825,1.0,0.00254766,22.627415,0.56012666,220.5632,-6824.4883,6970.7856,13885.4,-90.12659,-1023.99146,933.86487,222.791,0.004676676416397095,1247.3612551689148,255000
-11.27281,623282200.0,420.06546,-11.27281,11.27281,1.0,0.0011963783,22.627415,0.81737345,195.60147,-6561.088,-4457.42,2508.4868,-404.8186,-1023.99365,619.17505,196.54684,1731.8608,-1018.48456,107466.96,-96.49692,635236300.0,415.92398,-96.49692,96.49692,1.0,0.0005033188,22.627415,0.6867976,215.08571,-6117.393,5243.1646,11447.433,-86.87482,-1023.9951,937.1203,216.3411,0.004699429512023926,1270.8584117889404,260000
-52.668262,657602370.0,443.0274,-52.668262,52.668262,1.0,0.0030743072,22.627415,0.8396038,155.08948,-6272.658,-3851.6987,2837.3403,-416.38098,-1023.99365,607.6127,154.53963,2182.4592,-1769.3658,162493.94,-71.22976,574859000.0,510.47723,-71.22976,71.22976,1.0,0.002685309,22.627415,0.6424156,188.5147,-6627.24,9822.658,16538.791,-88.89252,-1023.99316,935.10065,189.15141,0.004689391374588013,1294.3053777217865,265000
-59.43299,613168700.0,472.7663,-59.43299,59.43299,1.0,0.00471389,22.627415,0.81423175,225.46199,-6788.82,-4261.274,2894.1155,-366.56946,-1023.99255,657.4231,225.99118,2011.5972,-2711.7158,156590.19,-77.14213,621509000.0,445.84125,-77.14213,77.14213,1.0,-0.003670793,22.627415,0.6175687,211.83908,-5894.26,7777.694,13775.88,-103.92621,-1023.9962,920.07,211.86191,0.0047120931148529055,1317.8658528327942,270000
-4.364094,628800700.0,445.72794,-4.364094,4.364094,1.0,0.0022297301,22.627415,0.7797529,133.68965,-6342.339,-3486.5222,3242.287,-386.47046,-1023.99384,637.5234,133.02802,6553.279,-9161.613,184350.0,-100.72069,616780900.0,487.62457,-100.72069,100.72069,1.0,-0.0019504572,22.627415,0.667492,147.28136,-6245.0654,2644.9348,8904.203,-14.20282,-1023.99615,1009.79333,143.34413,0.0047212995052337645,1341.472359418869,275000
-82.9595,585743000.0,496.09576,-82.9595,82.9595,1.0,0.0014320188,22.627415,0.6541123,168.0656,-6674.4155,-3418.0828,3644.9104,-388.57764,-1023.99426,635.4166,168.4405,3326.8723,-1756.0408,160300.86,-107.49747,634750600.0,531.68756,-107.49747,107.49747,1.0,0.003689291,22.627415,0.6695523,249.39941,-6873.165,8131.4253,15051.618,-47.028015,-1023.9906,976.9626,251.46106,0.004752175378799439,1365.2332458496094,280000
26.37743,622539460.0,469.48352,26.37743,-26.37743,1.0,0.0040061213,22.627415,0.7972158,160.61649,-6940.745,-3254.6626,4093.713,-407.63043,-1023.99725,616.3668,162.28754,3413.0698,-4041.2268,193932.0,-124.5374,653232060.0,479.23105,-124.5374,124.5374,1.0,-0.0040055313,22.627415,0.48472172,247.634,-7703.9717,7451.213,15141.462,13.722778,-1023.9988,1037.7216,247.67009,0.004721325397491455,1388.8398823738098,285000
16.696768,605874100.0,474.03998,16.696768,-16.696768,1.0,-0.0006280433,22.627415,0.7055919,153.61386,-6906.9717,-3786.7744,3489.1208,-368.92352,-1023.9954,655.0719,154.62698,11591.738,-10628.996,312932.3,-18.314617,611743740.0,455.96674,-18.314617,18.314617,1.0,0.0010028754,22.627415,0.47820124,195.70361,-6922.957,6083.9756,13116.276,-109.34381,-1023.99316,914.64935,195.79898,0.004737085199356079,1412.5253179073334,290000
-60.01383,647430140.0,432.45193,-60.01383,60.01383,1.0,0.0014726367,22.627415,0.663246,167.29773,-7157.919,-4774.433,2716.8784,-333.3924,-1023.9978,690.6054,167.1053,1848.5793,-2142.7363,120399.734,-0.16967392,604231200.0,435.75232,-0.16967392,0.16967392,1.0,0.0032711597,22.627415,0.6461342,168.72372,-6670.6626,5315.504,12060.484,-74.31763,-1023.9955,949.67786,168.34354,0.004712172412872314,1436.0861892700195,295000
-86.61394,653519940.0,535.8417,-86.61394,86.61394,1.0,-0.0006656246,22.627415,0.8088916,158.0993,-7088.9697,-4308.8486,3183.767,-403.6458,-1023.9933,620.3475,160.91425,5427.252,-2625.3118,130726.766,32.644176,639640600.0,422.42807,32.644176,-32.644176,1.0,-0.0022725342,22.627415,0.54068214,164.70879,-6691.059,12958.011,19674.02,-24.950256,-1023.99396,999.0437,162.90059,0.0047290054798126225,1459.7312262058258,300000
-11.117052,557251700.0,438.7576,-11.117052,11.117052,1.0,0.0020230962,22.627415,0.75923383,167.83905,-6891.253,-4199.8286,3013.3386,-321.91443,-1023.9951,702.0807,166.92636,2155.284,-3238.7224,159546.94,-29.547503,619800300.0,412.05228,-29.547503,29.547503,1.0,-0.0022665516,22.627415,0.5415764,162.61629,-6688.817,5641.004,12359.251,-29.430237,-1023.9938,994.56354,163.72678,0.004699227094650269,1483.2273709774017,305000
-111.65723,594507650.0,546.71594,-111.65723,111.65723,1.0,0.003221375,22.627415,0.78381026,203.04027,-6386.8096,-4207.343,2589.9336,-410.46692,-1023.9957,613.5288,202.38405,1096.7933,-2038.9546,91960.59,-92.53944,639044800.0,482.75024,-92.53944,92.53944,1.0,0.009760692,22.627415,0.5634495,159.3262,-6723.5977,5050.6045,11837.09,-62.887634,-1023.99493,961.1073,158.86235,0.004730302429199219,1506.8788921833038,310000
-112.7242,596948160.0,518.81665,-112.7242,112.7242,1.0,0.00089279923,22.627415,0.62141395,138.08371,-6753.532,-4070.0703,3037.0894,-353.6275,-1023.9944,670.3669,140.3951,2598.0146,-2736.067,128454.51,-112.07191,629622850.0,485.08862,-112.07191,112.07191,1.0,0.0013722314,22.627415,0.5417187,205.36626,-6956.2593,5862.5405,12919.614,-100.81433,-1023.9948,923.1805,209.92456,0.004717711925506592,1530.46746134758,315000
-84.27732,640164800.0,470.2613,-84.27732,84.27732,1.0,0.00033094245,22.627415,0.70984674,182.35846,-6226.7544,-4026.4985,2497.006,-296.7503,-1023.9954,727.2451,181.7685,980.7899,-1490.6174,93168.91,-16.185322,632798100.0,433.58453,-16.185322,16.185322,1.0,0.003562321,22.627415,0.45618844,166.95819,-6281.504,6128.644,12502.781,-92.63312,-1023.9933,931.36017,167.90079,0.004734394216537476,1554.1394414901733,320000
-65.71828,620336400.0,506.30063,-65.71828,65.71828,1.0,0.005772706,22.627415,0.7034204,101.87807,-6264.8926,-4152.7505,2493.0215,-380.87952,-1023.9984,643.1189,100.98868,1806.9479,-1468.688,104136.234,-52.099724,661557400.0,444.96307,-52.099724,52.099724,1.0,0.0010681803,22.627415,0.44688374,144.58694,-7031.3755,13082.328,20113.264,0.4390869,-1023.9967,1024.4358,145.9024,0.0047062315464019774,1577.670608997345,325000
-33.997696,631199500.0,451.73233,-33.997696,33.997696,1.0,0.0019136122,22.627415,0.6956092,183.69461,-6824.2188,-4716.761,2492.1611,-384.70343,-1023.99695,639.2935,183.41959,2780.3066,-1848.2897,118848.52,-88.981445,632583700.0,361.61584,-88.981445,88.981445,1.0,0.0025203964,22.627415,0.6514267,195.3833,-6999.588,4473.88,11515.512,-42.04419,-1023.9924,981.9482,197.50896,0.004724582290649414,1601.2935297489166,330000
-118.23416,663381800.0,432.89832,-118.23416,118.23416,1.0,0.0021328381,22.627415,0.64823204,186.10477,-7282.5303,-3165.3777,4531.3105,-414.1579,-1023.995,609.8371,187.61662,2011.3378,-4226.897,147716.28,-42.219147,603648500.0,413.4756,-42.219147,42.219147,1.0,0.002974478,22.627415,0.52776504,158.92987,-7209.5254,6807.3394,14084.793,-67.928345,-1023.99884,956.0705,159.64355,0.004704046058654785,1624.8137693405151,335000
-32.431335,610278400.0,486.3603,-32.431335,32.431335,1.0,-0.0019410255,22.627415,0.6606717,107.72374,-6674.589,-4190.0166,2914.5527,-429.98053,-1023.9935,594.013,105.0429,5138.2666,-3609.5215,166151.53,0.0940876,623086340.0,372.8494,0.0940876,-0.0940876,1.0,0.0058227805,22.627415,0.5012355,186.51471,-7384.9956,6677.004,14028.505,33.494873,-1023.99536,1057.4902,185.34558,0.00471403603553772,1648.3839585781097,340000
-102.49594,600954500.0,419.02344,-102.49594,102.49594,1.0,-0.0010238244,22.627415,0.6847225,156.61502,-6779.131,-3471.978,3646.187,-339.0343,-1023.9963,684.962,157.24783,3957.376,-5363.643,188706.22,-13.048203,617241500.0,386.51102,-13.048203,13.048203,1.0,0.0017308481,22.627415,0.45191824,180.57228,-6981.5156,6682.771,13611.553,52.733887,-1023.9972,1076.7311,180.11429,0.004696327304840088,1671.865604877472,345000
-94.24483,615109440.0,435.54126,-94.24483,94.24483,1.0,-0.003540479,22.627415,0.6129831,148.1737,-7025.9893,-3791.4622,3551.7698,-317.2426,-1023.99536,706.75275,147.92938,2062.2937,-3216.4246,146588.42,-67.3781,663957000.0,489.5898,-67.3781,67.3781,1.0,0.0020559472,22.627415,0.49858856,160.83722,-6930.167,6266.906,13303.379,-106.306274,-1023.9954,917.68915,159.80922,0.004705577278137207,1695.3935005664825,350000
-90.6827,614971400.0,472.1194,-90.6827,90.6827,1.0,0.0022845403,22.627415,0.64242417,87.33051,-6409.1797,-3564.4417,3261.3384,-416.60034,-1023.995,607.39465,87.3596,3726.195,-4451.7246,142116.5,-44.69651,619662000.0,435.27542,-44.69651,44.69651,1.0,-0.0008964087,22.627415,0.54202485,166.58249,-6607.4565,6058.3774,12708.665,-42.831238,-1023.99316,981.1619,165.14781,0.004686309671401978,1718.8250586986542,355000
-31.659397,666597570.0,407.88373,-31.659397,31.659397,1.0,0.0033613995,22.627415,0.69877166,138.84584,-7365.056,-4351.688,3389.641,-376.27295,-1023.9939,647.72095,139.6629,3350.834,-7256.048,173959.81,-24.456839,615736640.0,455.74664,-24.456839,24.456839,1.0,0.0042125005,22.627415,0.4815218,179.30981,-6296.3535,5298.654,11612.349,-17.34143,-1023.99744,1006.656,179.72632,0.004927788496017456,1743.4640114307404,360000
-118.76545,610482200.0,471.9325,-118.76545,118.76545,1.0,0.0037153806,22.627415,0.6952573,113.708046,-6800.5195,-2828.1426,4364.7705,-392.39355,-1023.9949,631.6013,112.28861,1963.6078,-3557.9773,177931.72,-60.27714,682659300.0,413.7482,-60.27714,60.27714,1.0,-0.00029452413,22.627415,0.6928413,193.80373,-7238.272,4649.889,11930.822,-42.661133,-1023.99536,981.3342,194.51779,0.004765602922439575,1767.2920372486115,365000
55.48462,599133950.0,386.2047,55.48462,-55.48462,1.0,0.0031154472,22.627415,0.6355301,130.85887,-6575.7188,-4936.4014,1996.0198,-356.70197,-1023.9946,667.29266,130.25018,1711.5989,-1668.3624,90711.19,-9.88559,653805440.0,377.56232,-9.88559,9.88559,1.0,-0.002103668,22.627415,0.45779967,196.03366,-8228.573,9540.565,17810.768,-41.628845,-1023.9967,982.36786,196.21014,0.004719495344161988,1790.8895242214203,370000
-20.483887,604648260.0,420.41534,-20.483887,20.483887,1.0,0.004580807,22.627415,0.7607222,123.017044,-6900.126,-3290.275,4016.5718,-406.7207,-1023.9947,617.274,120.67219,2191.825,-2627.1184,159110.22,-41.50182,620036700.0,428.41858,-41.50182,41.50182,1.0,0.002938137,22.627415,0.40472603,178.49571,-7178.2524,15243.23,22389.418,32.06482,-1023.99536,1056.0602,175.41702,0.004768490695953369,1814.7319877147675,375000
-14.724354,584336300.0,388.0806,-14.724354,14.724354,1.0,0.00037356943,22.627415,0.58843327,149.1076,-7107.7954,-3488.1604,4019.0415,-399.4065,-1023.99854,624.59204,148.37503,4111.3447,-3958.7097,181346.1,-93.94894,649963140.0,448.7244,-93.94894,93.94894,1.0,0.002467523,22.627415,0.4316132,176.09265,-7417.6064,11460.277,18954.43,-76.54602,-1023.9918,947.4458,176.95023,0.004892738533020019,1839.1956901550293,380000
-10.580629,601160600.0,452.92657,-10.580629,10.580629,1.0,0.0043453956,22.627415,0.6176791,132.20229,-7455.254,-5102.3193,2772.7312,-419.7968,-1023.9935,604.1967,130.82085,1644.8436,-945.6137,92591.88,-71.408745,657099400.0,416.74197,-71.408745,71.408745,1.0,-0.00010850676,22.627415,0.37186164,169.05399,-6841.393,7108.7437,13984.584,-34.447205,-1023.99664,989.54944,166.18597,0.004869708871841431,1863.5442440509796,385000
-38.01669,584576640.0,444.6186,-38.01669,38.01669,1.0,-0.0021098386,22.627415,0.6100732,125.08569,-6756.7266,-4587.089,2539.6938,-370.05634,-1023.9971,653.94073,124.5114,1853.4639,-2364.5447,116019.84,-62.349823,632489200.0,449.00775,-62.349823,62.349823,1.0,0.0029014903,22.627415,0.48152715,178.9299,-7362.8926,8272.541,15668.359,-32.925842,-1023.9923,991.06647,178.19612,0.004837324666976929,1887.730877161026,390000
-10.132044,606569500.0,383.21182,-10.132044,10.132044,1.0,0.001397152,22.627415,0.59527206,119.13515,-7173.752,-4984.7373,2579.9321,-390.91736,-1023.994,633.07666,117.11262,5083.4473,-1473.3198,125897.695,-47.86572,615887300.0,389.1835,-47.86572,47.86572,1.0,0.0032611429,22.627415,0.52842426,169.13528,-7219.462,6811.263,14072.887,-42.16156,-1023.99243,981.8309,167.98672,0.0046840272903442386,1911.1510229110718,395000
-81.08891,613197800.0,516.34595,-81.08891,81.08891,1.0,0.004844712,22.627415,0.68462837,158.02832,-7641.2725,-5279.2607,2755.7903,-393.77814,-1023.99805,630.2199,159.25479,2829.089,-4871.6577,119338.19,-79.248726,659828700.0,469.3383,-79.248726,79.248726,1.0,-0.0013781288,22.627415,0.31846517,175.61124,-7346.0806,7376.952,14748.8,-25.767334,-1023.9921,998.2248,173.83694,0.00470766716003418,1934.6893680095673,400000
-81.89181,582819300.0,498.30353,-81.89181,81.89181,1.0,0.0058469577,22.627415,0.6142633,219.27707,-7482.245,-5154.504,2696.1948,-368.45374,-1023.9936,655.53986,220.24283,1491.1074,-2795.7378,112968.484,-9.12908,616772600.0,397.0428,-9.12908,9.12908,1.0,0.0014678539,22.627415,0.4753812,154.16492,-7206.12,6956.574,14240.98,-78.28638,-1023.9928,945.7064,154.63545,0.004686572027206421,1958.1222381591797,405000
-88.61573,618291650.0,413.78546,-88.61573,88.61573,1.0,0.0020018644,22.627415,0.57577145,159.43947,-7422.4844,-5136.6084,2681.356,-395.4801,-1023.99536,628.51526,155.6036,1711.9451,-1523.9946,120223.516,17.765614,660753400.0,388.02063,17.765614,-17.765614,1.0,-0.0010345653,22.627415,0.4330507,184.32826,-7329.6006,5690.83,13152.117,-131.68665,-1023.9991,892.31244,184.77756,0.004714425134658813,1981.6943736076355,410000
-89.52733,656757440.0,500.9701,-89.52733,89.52733,1.0,0.00062083034,22.627415,0.57120526,145.69218,-6972.7607,-3737.4111,3623.5317,-388.182,-1023.9935,635.8115,146.80545,2201.8628,-2338.3716,165916.22,-58.14804,626729100.0,425.5842,-58.14804,58.14804,1.0,-0.0006562278,22.627415,0.33334196,167.1478,-8003.8237,3807.1992,11910.21,-99.18689,-1023.99493,924.80804,168.414,0.0046800622940063475,2005.0946946144104,415000
